date,open
1325203200,8434.90
1325116800,8367.71
1325030400,8426.09
1324944000,8443.00
1324857600,8504.46
1324512000,8429.54
1324425600,8442.74
1324339200,8318.03
1324252800,8363.39
1323993600,8416.21
1323907200,8449.05
1323820800,8513.77
1323734400,8535.52
1323648000,8652.98
1323388800,8521.33
1323302400,8664.35
1323216000,8629.19
1323129600,8644.97
1323043200,8697.78
1322784000,8603.23
1322697600,8581.20
1322611200,8407.63
1322524800,8371.01
1322438400,8269.91
1322179200,8138.19
1322092800,8189.42
1321920000,8263.86
1321833600,8349.05
1321574400,8374.16
1321488000,8421.88
1321401600,8546.75
1321315200,8546.99
1321228800,8631.28
1320969600,8545.92
1320883200,8597.28
1320796800,8724.60
1320710400,8744.36
1320624000,8771.82
1320364800,8761.27
1320192000,8719.92
1320105600,8880.75
1320019200,9011.18
1319760000,9059.04
1319673600,8779.40
1319587200,8673.85
1319500800,8866.43
1319414400,8764.92
1319155200,8679.04
1319068800,8733.60
1318982400,8808.25
1318896000,8758.74
1318809600,8881.44
1318550400,8782.91
1318464000,8832.81
1318377600,8719.67
1318291200,8733.54
1317945600,8593.22
1317859200,8463.83
1317772800,8491.43
1317686400,8426.39
1317600000,8567.98
1317340800,8713.91
1317254400,8527.64
1317168000,8607.92
1317081600,8496.33
1316995200,8547.62
1316649600,8643.02
1316563200,8717.00
1316476800,8763.61
1316131200,8785.28
1316044800,8645.38
1315958400,8623.55
1315872000,8588.74
1315785600,8578.71
1315526400,8739.49
1315440000,8863.24
1315353600,8723.05
1315267200,8687.11
1315180800,8828.46
1314921600,8980.56
1314835200,9017.01
1314748800,8938.31
1314662400,8958.50
1314576000,8802.25
1314316800,8746.77
1314230400,8748.01
1314144000,8812.16
1314057600,8703.31
1313971200,8686.91
1313712000,8771.70
1313625600,9043.18
1313539200,9047.89
1313452800,9135.06
1313366400,9082.53
1313107200,9064.17
1313020800,8876.54
1312934400,9110.81
1312848000,8911.80
1312761600,9169.67
1312502400,9469.16
1312416000,9685.50
1312329600,9705.02
1312243200,9872.17
1312156800,9907.04
1311897600,9866.82
1311811200,9936.97
1311724800,10048.34
1311638400,10078.48
1311552000,10080.82
1311292800,10096.89
1311206400,10019.94
1311120000,10008.00
1311033600,9921.50
1310688000,9919.59
1310601600,9929.18
1310515200,9891.11
1310428800,9943.32
1310342400,10069.01
1310083200,10205.71
1309996800,10047.15
1309910400,9987.25
1309824000,9959.39
1309737600,9980.16
1309478400,9878.69
1309392000,9838.09
1309305600,9767.91
1309219200,9668.01
1309132800,9633.92
1308873600,9626.43
1308787200,9557.72
1308700800,9525.25
1308614400,9420.43
1308528000,9383.24
1308268800,9443.32
1308182400,9478.63
1308096000,9589.54
1308009600,9446.84
1307923200,9405.16
1307664000,9536.84
1307577600,9411.71
1307491200,9428.62
1307404800,9371.21
1307318400,9467.37
1307059200,9550.59
1306972800,9560.63
1306886400,9708.05
1306800000,9500.60
1306713600,9489.78
1306454400,9514.16
1306368000,9499.45
1306281600,9492.43
1306195200,9406.04
1306108800,9547.86
1305849600,9612.87
1305763200,9711.32
1305676800,9602.88
1305590400,9513.50
1305504000,9571.13
1305244800,9751.45
1305158400,9770.71
1305072000,9912.48
1304985600,9804.27
1304899200,9881.67
1304640000,9851.15
1304294400,9964.39
1303948800,9749.36
1303862400,9631.53
1303776000,9627.43
1303689600,9705.90
1303430400,9623.00
1303344000,9686.27
1303257600,9536.79
1303171200,9448.65
1303084800,9593.41
1302825600,9646.22
1302739200,9579.79
1302652800,9516.50
1302566400,9603.50
1302480000,9731.32
1302220800,9586.17
1302134400,9652.65
1302048000,9668.11
1301961600,9732.26
1301875200,9773.91
1301616000,9757.28
1301529600,9765.28
1301443200,9489.51
1301356800,9348.60
1301270400,9541.76
1301011200,9565.49
1300924800,9479.77
1300838400,9590.38
1300752000,9403.05
1300406400,9083.95
1300320000,8913.35
1300233600,8767.20
1300147200,9441.66
1300060800,10044.17
1299801600,10298.64
1299715200,10544.13
1299628800,10607.23
1299542400,10513.08
1299456000,10626.97
1299196800,10730.91
1299110400,10529.77
1299024000,10609.28
1298937600,10676.24
1298851200,10504.54
1298592000,10475.78
1298505600,10533.20
1298419200,10588.82
1298332800,10745.52
1298246400,10820.78
1297987200,10829.15
1297900800,10882.91
1297814400,10758.86
1297728000,10738.81
1297641600,10689.65
1297296000,10574.80
1297209600,10686.72
1297123200,10645.03
1297036800,10641.30
1296777600,10526.39
1296691200,10424.68
1296604800,10368.48
1296518400,10281.55
1296432000,10219.98
1296172800,10460.29
1296086400,10466.34
1296000000,10410.29
1295913600,10374.64
1295827200,10318.60
1295568000,10459.04
1295481600,10492.32
1295395200,10567.88
1295308800,10461.04
1295222400,10562.09
1294963200,10502.77
1294876800,10593.46
1294790400,10562.28
1294704000,10484.62
1294358400,10506.72
1294272000,10477.52
1294185600,10387.95
1294099200,10352.19
